{
  "weights": {
    "0": 0.5540826768842666,
    "1": 5.122552255225522
  },
  "counts": {
    "0": 42019,
    "1": 4545
  }
}